<?xml version="1.0" encoding="utf-8"?>
<!--
- phpMyAdmin XML Dump
- version 4.1.14
- http://www.phpmyadmin.net
-
- Host: 127.0.0.1
- Generation Time: Dec 30, 2018 at 08:56 AM
- Server version: 5.6.17
- PHP Version: 5.5.12
-->

<pma_xml_export version="1.0" xmlns:pma="http://www.phpmyadmin.net/some_doc_url/">
    <!--
    - Structure schemas
    -->
    <pma:structure_schemas>
        <pma:database name="lms" collation="latin1_swedish_ci" charset="latin1">
            <pma:table name="books">
                CREATE TABLE `books` (
                  `bookno` int(10) NOT NULL,
                  `bookname` varchar(50) NOT NULL,
                  `author` char(25) NOT NULL,
                  `subject` varchar(25) NOT NULL,
                  PRIMARY KEY (`bookno`)
                ) ENGINE=InnoDB DEFAULT CHARSET=latin1;
            </pma:table>
            <pma:table name="course">
                CREATE TABLE `course` (
                  `coursename` varchar(50) NOT NULL
                ) ENGINE=InnoDB DEFAULT CHARSET=latin1;
            </pma:table>
            <pma:table name="issue">
                CREATE TABLE `issue` (
                  `bookno` int(10) NOT NULL,
                  `enroll` int(10) NOT NULL,
                  `dated` int(2) NOT NULL,
                  `datem` int(2) NOT NULL,
                  `datey` int(4) NOT NULL
                ) ENGINE=InnoDB DEFAULT CHARSET=latin1;
            </pma:table>
            <pma:table name="returnedbooks">
                CREATE TABLE `returnedbooks` (
                  `bookno` int(11) NOT NULL,
                  `enroll` int(11) NOT NULL,
                  `issueday` int(2) NOT NULL,
                  `issuemon` int(2) NOT NULL,
                  `issueyear` int(4) NOT NULL,
                  `returnday` int(2) NOT NULL,
                  `returnmon` int(2) NOT NULL,
                  `returnyear` int(4) NOT NULL,
                  `fine` int(11) NOT NULL
                ) ENGINE=InnoDB DEFAULT CHARSET=latin1;
            </pma:table>
            <pma:table name="students">
                CREATE TABLE `students` (
                  `enroll` int(10) NOT NULL,
                  `fname` char(25) NOT NULL,
                  `lname` char(25) NOT NULL,
                  `course` varchar(25) NOT NULL,
                  `year` int(1) NOT NULL
                ) ENGINE=InnoDB DEFAULT CHARSET=latin1;
            </pma:table>
            <pma:table name="user">
                CREATE TABLE `user` (
                  `username` varchar(10) NOT NULL,
                  `password` varchar(100) NOT NULL,
                  PRIMARY KEY (`username`)
                ) ENGINE=InnoDB DEFAULT CHARSET=latin1;
            </pma:table>
        </pma:database>
    </pma:structure_schemas>

    <!--
    - Database: 'lms'
    -->
    <database name="lms">
        <!-- Table books -->
        <!-- Table course -->
        <!-- Table issue -->
        <!-- Table returnedbooks -->
        <!-- Table students -->
        <!-- Table user -->
    </database>
</pma_xml_export>